0,海鲜味噌汤,https://assistant-public.izakaya.cc/assets/sprites/recipe.webp,居酒屋常见的快手汤羹。来历不明却随处可见的海带在幻想乡出现之初，有人好奇水煮了一下，结果意外地发现有种异样的鲜味，从此便在幻想乡流行开了。,8,{"truly": ["素", "家常", "汤羹", "实惠"], "falsely": ["重油"]}
1,豆腐味噌,https://assistant-public.izakaya.cc/assets/sprites/recipe.webp,居酒屋常见的快手汤羹。使用了豆腐来提鲜，最简单又最原始的美味。,21,{"truly": ["素", "家常", "清淡", "和风", "汤羹"], "falsely": ["重油"]}
2,力量汤,https://assistant-public.izakaya.cc/assets/sprites/recipe.webp,荤素搭配的美味汤羹。使用了野猪肉和海带煲煮而成，能最快捷地补充身体所需能量。,34,{"truly": ["肉", "山珍", "灼热", "力量涌现", "汤羹"], "falsely": ["凉爽", "小巧"]}
3,猪肉鳟鱼熏,https://assistant-public.izakaya.cc/assets/sprites/recipe.webp,把猪肉和鳟鱼放在一起熏制而成，是简单好吃的肉食料理，也比较能保存。,26,{"truly": ["肉", "水产", "家常", "烧烤"], "falsely": []}
4,烤八目鳗,https://assistant-public.izakaya.cc/assets/sprites/recipe.webp,本店招牌。为了打破红灯笼店就是烤鸟肉店的成见，特意选择了对夜盲症有奇效的八目鳗，据说在过去还被视作珍宝。,22,{"truly": ["水产", "招牌", "烧烤"], "falsely": ["肉", "素"]}
5,能量串,https://assistant-public.izakaya.cc/assets/sprites/recipe.webp,牛肉搭配洋葱、南瓜烤成的串串。巧妙地利用了洋葱的刺激和南瓜的甜味去除肉质的油腻，食之更加清爽。,50,{"truly": ["肉", "饱腹", "烧烤"], "falsely": []}
6,二天一流,https://assistant-public.izakaya.cc/assets/sprites/recipe.webp,传说中和鬼立下赌约并获胜的人类剑士所创下的烤串流派，特别使用了野性十足的肉类烧制而成，食之有种冲天的气魄，让人惊叹不已。,90,{"truly": ["肉", "高级", "山珍", "文化底蕴", "烧烤", "燃起来了", "昂贵"], "falsely": ["家常"]}
7,饭团,https://assistant-public.izakaya.cc/assets/sprites/recipe.webp,最普通的饭团，加点儿海带随便捏捏就可以了，超便捷的经典。,6,{"truly": ["素", "家常", "饱腹", "和风", "实惠"], "falsely": []}
8,炙猪肉饭团,https://assistant-public.izakaya.cc/assets/sprites/recipe.webp,常见的平价饭团。在饭团中放入烤制后的猪肉，为其增加了一份香浓的嚼劲。,14,{"truly": ["肉", "家常", "饱腹", "和风", "实惠"], "falsely": []}
9,温暖饭团,https://assistant-public.izakaya.cc/assets/sprites/recipe.webp,常见的平价饭团。内馅儿加入了鳟鱼和洋葱，融合了海鲜的细腻口感和洋葱的炽热，无论是营养还是口感都属上佳。,30,{"truly": ["水产", "素", "家常", "饱腹", "和风", "灼热"], "falsely": []}
10,樱落雪,https://assistant-public.izakaya.cc/assets/sprites/recipe.webp,高级寿司的一种。粉红色的高级生鱼片盖在白米饭上，就如樱花飘落在白雪上，有着不可思议的美感。,50,{"truly": ["水产", "高级", "海味", "和风", "生", "适合拍照", "小巧"], "falsely": ["重油"]}
11,炒肉丝,https://assistant-public.izakaya.cc/assets/sprites/recipe.webp,以猪肉作为主要食材制作而成的家常菜，口味偏重。,15,{"truly": ["肉", "家常", "重油", "下酒", "中华", "实惠"], "falsely": []}
12,冷豆腐,https://assistant-public.izakaya.cc/assets/sprites/recipe.webp,夏天的消暑下酒菜，简单爽口。,21,{"truly": ["素", "家常", "清淡", "下酒", "小巧"], "falsely": []}
13,红烧鳗鱼,https://assistant-public.izakaya.cc/assets/sprites/recipe.webp,本店招牌。将鳗鱼用特殊酱料进行烧制后肉汁四溢，光闻着香味便让人垂涎不已。,42,{"truly": ["水产", "素", "重油", "鲜", "招牌"], "falsely": []}
14,土豆可乐饼,https://assistant-public.izakaya.cc/assets/sprites/recipe.webp,主要由土豆制成的，外表酥脆，内在绵软可口，在油炸类食品中有着较高的人气。,22,{"truly": ["素", "家常", "重油"], "falsely": ["凉爽"]}
15,野味加农,https://assistant-public.izakaya.cc/assets/sprites/recipe.webp,用农家蔬菜佐以优质黑毛猪肉炖煮的烩锅。口感饱满，香浓却不油腻，是农家人最高级的大菜。,66,{"truly": ["肉", "重油", "饱腹", "山珍", "灼热", "昂贵"], "falsely": []}
16,猪肉盖浇饭,https://assistant-public.izakaya.cc/assets/sprites/recipe.webp,常见的家常菜。看上去颗颗饭粒饱满，淋上的香酱和猪肉的口感融为一体，令人胃口倍增。,20,{"truly": ["肉", "家常", "饱腹"], "falsely": []}
17,牛肉盖浇饭,https://assistant-public.izakaya.cc/assets/sprites/recipe.webp,常见的家常菜。看上去颗颗饭粒饱满，淋上的香酱和牛肉的口感融为一体，令人胃口倍增。,20,{"truly": ["肉", "家常", "饱腹"], "falsely": []}
18,炸八目鳗,https://assistant-public.izakaya.cc/assets/sprites/recipe.webp,本店招牌。长相怪异的八目鳗在喜欢尝鲜的幻想乡曾一度成为话题，油炸后爽滑酥嫩，深受大众喜爱。,27,{"truly": ["水产", "重油", "招牌"], "falsely": ["凉爽"]}
19,蔬菜专辑,https://assistant-public.izakaya.cc/assets/sprites/recipe.webp,用新鲜的蔬菜生拌而成的沙拉。口感清新，可以去除嘴里的油腻，不知为何被年轻的姑娘们奉为减肥圣餐。,56,{"truly": ["素", "清淡", "生", "凉爽"], "falsely": ["肉", "水产", "灼热"]}
20,白雪,https://assistant-public.izakaya.cc/assets/sprites/recipe.webp,使用鲜美的八目鳗和河豚，再佐以海带炖煮而成的高级烩锅。由于煮的过程中会飘出纯白的泡沫而得名，是非常高级的家庭料理。,98,{"truly": ["肉", "水产", "高级", "和风", "文化底蕴", "昂贵"], "falsely": []}
21,豆腐锅,https://assistant-public.izakaya.cc/assets/sprites/recipe.webp,由豆腐炖煮而成的烩锅。滑嫩的口感再加上其本身具有的较高营养价值，使这道平价料理成为居酒屋最常见的烩锅。,19,{"truly": ["素", "清淡", "和风", "灼热", "实惠"], "falsely": []}
22,杂炊,https://assistant-public.izakaya.cc/assets/sprites/recipe.webp,使用一些边角料食材杂烩而成的烩锅。享受美味的同时还能避免浪费，可谓一举两得。,40,{"truly": ["肉", "家常", "鲜", "灼热"], "falsely": []}
23,刺身拼盘,https://assistant-public.izakaya.cc/assets/sprites/recipe.webp,作为和风料理的代表，将刺身级的三文鱼和金枪鱼鱼生配上芥末和酱油，引出鲜味的绝妙料理。,88,{"truly": ["水产", "高级", "和风", "生", "适合拍照", "昂贵"], "falsely": ["灼热"]}
24,大奢宴,https://assistant-public.izakaya.cc/assets/sprites/recipe.webp,奢侈地选用了一系列高级食材炖煮成烩锅。通过火候的精妙控制，将食材之间的特点全部提炼了出来，肉质鲜嫩多汁、香滑入味，令人其味无穷。,105,{"truly": ["肉", "水产", "高级", "饱腹", "山珍", "昂贵"], "falsely": ["家常"]}
25,豚骨拉面,https://assistant-public.izakaya.cc/assets/sprites/recipe.webp,用猪肉和蔬菜经过长时间熬制出来的高汤，堪称整碗拉面的精髓和灵魂所在。香浓醇厚的豚骨汤底配上香弹可口的拉面，饱腹之余也让舌尖得到最大的满足。,60,{"truly": ["肉", "家常", "饱腹", "咸"], "falsely": []}
26,岩浆,https://assistant-public.izakaya.cc/assets/sprites/recipe.webp,用高级牛肉和松露炖煮而成的烩锅，最初以麻辣为特色，因炖煮中冒出的气泡如岩浆而得名，款款而起的香味更是让人食指大动。改良后也增加了不辣的版本。,125,{"truly": ["肉", "水产", "高级", "饱腹", "灼热", "力量涌现", "菌类", "昂贵"], "falsely": ["凉爽"]}
27,香炸蝉蜕,https://assistant-public.izakaya.cc/assets/sprites/recipe.webp,蝉科昆虫黑蚱羽化后的蜕壳，可以入药，有利咽开音、明目退翳之效，香炸后口感酥脆，颇受欢迎。,19,{"truly": ["重油", "猎奇", "实惠"], "falsely": []}
28,露水煮蛋,https://assistant-public.izakaya.cc/assets/sprites/recipe.webp,采集了清晨的露珠煮成的蛋，比一般的水煮蛋多出一种甘甜的味道，为了保持鲜嫩只煮到半熟，蛋黄水嫩得似乎稍加晃动就会流出来。,18,{"truly": ["清淡", "生", "实惠"], "falsely": ["肉", "水产", "重油"]}
29,幻昙花糕,https://assistant-public.izakaya.cc/assets/sprites/recipe.webp,用上古时期便存在的奇迹之花制作的糕点，不仅甜而不腻，食后更是齿颊留香，据说能勾起人心中最想怀念的回忆。,78,{"truly": ["高级", "传说", "甜", "适合拍照", "不可思议", "梦幻", "昂贵"], "falsely": ["肉", "水产"]}
30,赛熊掌,https://assistant-public.izakaya.cc/assets/sprites/recipe.webp,黑不溜秋的怪异美食之首！香飘万里，让人回味无穷。因为打不过熊，没法直接用熊掌做，但是比真正的熊掌还要鲜美百倍。,70,{"truly": ["肉", "水产", "高级", "山珍", "鲜", "力量涌现", "不可思议", "昂贵"], "falsely": []}
31,秘制小鱼干,https://assistant-public.izakaya.cc/assets/sprites/recipe.webp,用秘制的香料将小鱼干腌制后晒干，酥脆香口的同时又易于保存，寻常人家都喜欢在家中保存一份。,30,{"truly": ["水产", "咸", "鲜", "小巧"], "falsely": []}
32,凉菜雕花,https://assistant-public.izakaya.cc/assets/sprites/recipe.webp,将鲜果蔬菜雕刻成鲜花的模样，虽然材料简单，但却非常考验刀工。,20,{"truly": ["素", "清淡", "适合拍照", "凉爽"], "falsely": ["肉", "灼热"]}
33,桃花羹,https://assistant-public.izakaya.cc/assets/sprites/recipe.webp,来自天上的配方，采摘新鲜的桃花，配以清晨的甘露水煮而成。不仅芳香清甜，而且具有祛病美容的神奇功效。,55,{"truly": ["素", "甜", "适合拍照", "凉爽", "果味", "汤羹"], "falsely": []}
34,北极甜虾蜜桃色拉,https://assistant-public.izakaya.cc/assets/sprites/recipe.webp,选用品质最好、肉质最鲜的虾和桃子加工而成的高级料理，据说在外界只有在宴席上才有机会一见。,25,{"truly": ["水产", "素", "清淡", "甜", "适合拍照", "不可思议", "果味"], "falsely": ["肉", "咸"]}
35,油豆腐,https://assistant-public.izakaya.cc/assets/sprites/recipe.webp,常见的家常菜。传说中是稻荷神的狐狸使者最喜欢的食物。,16,{"truly": ["素", "家常", "重油", "和风", "实惠"], "falsely": []}
36,诗礼银杏,https://assistant-public.izakaya.cc/assets/sprites/recipe.webp,以选用孔庙“诗礼堂”前银杏树所结果实烹制而得名，清香甜美，柔韧筋道，可解酒止咳。,60,{"truly": ["素", "中华", "甜", "文化底蕴"], "falsely": ["咸"]}
37,真·海鲜味噌汤,https://assistant-public.izakaya.cc/assets/sprites/recipe.webp,选用新鲜鳟鱼和海带煲煮而成的味噌汤。浓浓的鲜味四处漂荡，鲜而不腥。,55,{"truly": ["水产", "家常", "清淡", "汤羹"], "falsely": []}
38,烤蘑菇,https://assistant-public.izakaya.cc/assets/sprites/recipe.webp,采用蘑菇为原料，将蘑菇用竹签串起来后，刷少量油进行烧烤，撒上粗盐，味道简直不输给直接吃肉！,18,{"truly": ["素", "咸", "灼热", "菌类", "烧烤", "实惠"], "falsely": []}
39,煮豆腐,https://assistant-public.izakaya.cc/assets/sprites/recipe.webp,常见的家常菜，但也讲究烧制的火候，才能将豆腐的鲜嫩口感得到最大展现。,22,{"truly": ["素", "家常", "清淡"], "falsely": []}
40,炸猪肉排,https://assistant-public.izakaya.cc/assets/sprites/recipe.webp,常见的家常菜。以猪肉为主要材料，裹以面粉一炸，邻居家的孩子都馋哭了。,25,{"truly": ["肉", "家常", "重油", "饱腹"], "falsely": []}
41,黄油牛排,https://assistant-public.izakaya.cc/assets/sprites/recipe.webp,简单而复杂，根据火候和食材的选择，呈现出不同感觉的基础西餐。顺带一提红魔馆的那位喜欢的是三分熟。,60,{"truly": ["肉", "重油", "饱腹", "西式"], "falsely": ["甜", "凉爽"]}
42,意式烩饭,https://assistant-public.izakaya.cc/assets/sprites/recipe.webp,将食材炒熟之后倒入生米，充分混合米粒和食材香味的外界某个半岛的做法。,70,{"truly": ["饱腹", "西式", "鲜", "菌类", "昂贵"], "falsely": ["甜"]}
43,惠灵顿牛排,https://assistant-public.izakaya.cc/assets/sprites/recipe.webp,将牛排和松露这两种鲜美的食材调味后包裹在酥皮中进行烘焙，让黄油酥皮的香味和牛排蘑菇的鲜美充分融合的极致菜肴。工序繁复，在外界是出了名的难做。,150,{"truly": ["肉", "高级", "传说", "山珍", "西式", "昂贵", "大份"], "falsely": ["甜", "凉爽"]}
44,班尼迪克蛋,https://assistant-public.izakaya.cc/assets/sprites/recipe.webp,流黄的水波蛋和大口的碳水，是早午餐的常见选择。,35,{"truly": ["饱腹", "西式", "生", "小巧"], "falsely": ["甜", "果味"]}
45,热松饼,https://assistant-public.izakaya.cc/assets/sprites/recipe.webp,早餐的简单选择，将准备好的面糊煎熟，浇上蜂蜜就可以吃了。,22,{"truly": ["饱腹", "西式", "甜"], "falsely": []}
46,司康饼,https://assistant-public.izakaya.cc/assets/sprites/recipe.webp,英式下午茶的常客，外酥内软。一般蘸着果酱或者奶油一起吃。,8,{"truly": ["饱腹", "西式", "实惠"], "falsely": []}
47,香煎三文鱼,https://assistant-public.izakaya.cc/assets/sprites/recipe.webp,将整块带皮的三文鱼煎至外焦里嫩，配上鲜嫩的竹笋——不过外界这个菜谱一般是芦笋，这也算是幻想乡式的融合菜吧。,58,{"truly": ["肉", "西式", "鲜"], "falsely": []}
48,奶油炖菜,https://assistant-public.izakaya.cc/assets/sprites/recipe.webp,制作家常奶油浓汤，制作方法简单，无论是蘸面包还是当作炖菜来吃都是非常不错的料理。,20,{"truly": ["素", "西式", "菌类", "汤羹"], "falsely": []}
49,蜜汁叉烧,https://assistant-public.izakaya.cc/assets/sprites/recipe.webp,来自红美铃老家的特殊做法，制作工序有点儿繁复，但是口感独一无二，令人难忘。,70,{"truly": ["肉", "重油", "中华", "甜", "不可思议", "昂贵"], "falsely": []}
50,白果萝卜排骨汤,https://assistant-public.izakaya.cc/assets/sprites/recipe.webp,来自红美铃老家的煲汤技巧，色香味俱全，益气补血。,65,{"truly": ["肉", "中华", "灼热", "汤羹", "昂贵"], "falsely": []}
51,竹取姬,https://assistant-public.izakaya.cc/assets/sprites/recipe.webp,在永远亭就地取材，使用新鲜的食材和米饭一起塞进竹筒中蒸熟。饭被竹子的清香充分浸润后，中和了山猪肉带来的油腻。,65,{"truly": ["肉", "高级", "传说", "和风", "适合拍照", "文化底蕴", "特产", "昂贵", "大份"], "falsely": []}
52,不死鸟,https://assistant-public.izakaya.cc/assets/sprites/recipe.webp,使用面粉烘培出烤火鸡的形状，在表面刷上蜂蜜，肚子里塞满食材，进行充分的烘烤。出炉的假烤鸡有着香脆的外皮和多汁的内馅儿。,65,{"truly": ["高级", "传说", "西式", "适合拍照", "烧烤", "燃起来了", "昂贵", "大份"], "falsely": []}
53,月光团子,https://assistant-public.izakaya.cc/assets/sprites/recipe.webp,永远亭特产改良的麻薯团子，加入了高级食材月光草，造型可爱的同时，还有“月光一样的口感”。,80,{"truly": ["和风", "甜", "不可思议", "特产", "昂贵"], "falsely": ["肉", "水产", "咸", "鲜"]}
54,麻薯,https://assistant-public.izakaya.cc/assets/sprites/recipe.webp,最普通的糯米团子，大家都喜欢的和风甜食。,30,{"truly": ["和风", "甜", "小巧"], "falsely": ["肉", "水产", "咸", "鲜"]}
55,白桃生八桥,https://assistant-public.izakaya.cc/assets/sprites/recipe.webp,状似外界古筝的经典和果子，加入白桃内馅儿之后呈现淡粉色，非常诱人。,55,{"truly": ["和风", "甜", "果味"], "falsely": ["肉", "水产", "咸", "鲜"]}
56,月之恋人,https://assistant-public.izakaya.cc/assets/sprites/recipe.webp,外界似乎很流行使用〇〇恋人作为地区伴手礼，永远亭也不甘落后潮流，推出了自己的版本！,66,{"truly": ["甜", "适合拍照", "小巧", "特产", "昂贵"], "falsely": ["肉", "水产", "素"]}
57,猪鹿蝶,https://assistant-public.izakaya.cc/assets/sprites/recipe.webp,脱胎于花札的猪鹿蝶牌型，将猪肉和鹿肉清炖，佐以花朵引出食材本身鲜味的精致料理。,78,{"truly": ["肉", "高级", "适合拍照", "文化底蕴", "昂贵"], "falsely": []}
58,流水素面,https://assistant-public.izakaya.cc/assets/sprites/recipe.webp,比起好吃，流水素面更多的是好玩。,40,{"truly": ["素", "清淡", "凉爽", "不可思议"], "falsely": ["重油"]}
59,竹笋炒肉,https://assistant-public.izakaya.cc/assets/sprites/recipe.webp,最朴素的的竹笋吃法，由猪肉的油光引出竹笋的鲜美。,25,{"truly": ["肉", "家常", "下酒"], "falsely": []}
60,竹筒蒸蛋,https://assistant-public.izakaya.cc/assets/sprites/recipe.webp,竹子作为容器蒸出来的茶碗蒸，别有一番风味。,40,{"truly": ["家常", "清淡", "菌类"], "falsely": []}
61,蓬莱玉枝,https://assistant-public.izakaya.cc/assets/sprites/recipe.webp,简单地说就是使用竹签串起各种高级肉类，一口吃个饱的料理。但是在辉夜小姐的胁迫下，成为了高级的冠名料理。,125,{"truly": ["肉", "高级", "传说", "文化底蕴", "烧烤", "昂贵", "大份"], "falsely": []}
62,臭豆腐,https://assistant-public.izakaya.cc/assets/sprites/recipe.webp,少见的黑色豆腐，散发着令人难以接近的味道…让人不禁怀疑这真的可以吃吗？但是实际吃过的人表示根本停不下来。,24,{"truly": ["素", "中华", "猎奇", "辣"], "falsely": ["甜", "果味"]}
63,华光玉煎包,https://assistant-public.izakaya.cc/assets/sprites/recipe.webp,散发着七彩的气场的高级生煎包。据说有些生煎原教旨主义者尖锐地反对加入猪肉以外食材的做法。,128,{"truly": ["肉", "高级", "传说", "中华", "菌类", "梦幻", "昂贵"], "falsely": []}
64,麻婆豆腐,https://assistant-public.izakaya.cc/assets/sprites/recipe.webp,在日本很有名的中华料理。使用独特的豆腐烹饪技巧烹制而成的辛辣料理，用它来拌饭吃可是会上瘾的哦。,32,{"truly": ["素", "中华", "灼热", "辣"], "falsely": ["甜", "凉爽", "果味"]}
65,水煮鱼,https://assistant-public.izakaya.cc/assets/sprites/recipe.webp,正宗的四川中华料理。鲜嫩肥美的鱼肉和犹如半天朱霞的辣椒一起翻滚，煮成了一道鱼香四溢、椒味袭人的绝味。,68,{"truly": ["水产", "中华", "灼热", "辣", "燃起来了", "昂贵"], "falsely": ["肉", "甜", "凉爽", "果味"]}
66,月饼,https://assistant-public.izakaya.cc/assets/sprites/recipe.webp,诶？！这是什么？你为什么会获得这个？嗯…祝你玩得愉快。,20,{"truly": ["饱腹", "中华", "甜", "文化底蕴", "不可思议", "小巧"], "falsely": []}
67,毛玉三色冰激凌,https://assistant-public.izakaya.cc/assets/sprites/recipe.webp,方形的三色毛玉冰激凌，从颜色到口味上都非常惹人喜爱。几乎是人手一份的招牌甜品。,75,{"truly": ["西式", "甜", "适合拍照", "凉爽", "梦幻", "昂贵"], "falsely": []}
68,毛玉熔岩豆腐,https://assistant-public.izakaya.cc/assets/sprites/recipe.webp,方形的火山毛玉造型，仿佛着了火的熔岩豆腐。受到喜欢舌苔刺激的人的追捧。,85,{"truly": ["素", "中华", "鲜", "适合拍照", "不可思议", "昂贵"], "falsely": []}
69,猩红恶魔蛋糕,https://assistant-public.izakaya.cc/assets/sprites/recipe.webp,以猩红恶魔头上的帽子为原型制作的梦幻甜食，切开会有仿佛血液一般的甜美酱料流出。,60,{"truly": ["西式", "甜", "适合拍照", "猎奇", "梦幻"], "falsely": []}
70,无意识妖怪慕斯,https://assistant-public.izakaya.cc/assets/sprites/recipe.webp,以无意识妖怪的帽子为原型制作的深沉甜食，即使切开感受到的也是无尽的黑暗，但香醇的程度令人流连忘返。,60,{"truly": ["高级", "西式", "甜", "适合拍照", "梦幻"], "falsely": []}
71,水饺,https://assistant-public.izakaya.cc/assets/sprites/recipe.webp,海的另一边，红美铃小姐家乡的著名食谱。用面粉制作成的筋道面皮，在其中包入任意喜欢的食材，放入沸腾的热水中煮熟，就会成为超级美味的食物。外表看起来朴素无华，内在却包着世间的宝藏。,35,{"truly": ["素", "家常", "中华", "文化底蕴"], "falsely": []}
72,汤圆,https://assistant-public.izakaya.cc/assets/sprites/recipe.webp,海的另一边，红美铃小姐家乡的著名食谱。用弹牙的糯米揉成小团，在其中包入甜品食材，放入沸腾的热水中煮熟，就会成为超级可口的甜品。外表看起来朴素无华，内在却包着世间的甜蜜。,35,{"truly": ["素", "家常", "中华", "文化底蕴"], "falsely": []}
1000,炸虾天妇罗,https://assistant-public.izakaya.cc/assets/sprites/recipe.webp,“天妇罗”又名“天麸罗”。将新鲜大虾裹上面粉做的罗衣，放入油锅炸至金黄酥脆，再控油捞出，隔壁家的童子都馋哭了。,22,{"truly": ["重油", "下酒"], "falsely": ["清淡"]}
1001,黄金酥鱼饼,https://assistant-public.izakaya.cc/assets/sprites/recipe.webp,在鱼馅儿内加入适量蜂蜜搅拌后，碾压成鱼饼，投入油锅炸至金黄色，随炸随食。,40,{"truly": ["水产", "重油", "下酒", "力量涌现"], "falsely": []}
1002,全肉盛宴,https://assistant-public.izakaya.cc/assets/sprites/recipe.webp,将各种高级烤肉堆成小山的料理。无论视觉还是分量上都简单暴力，对于嗅觉灵敏的食客是秒杀级的食谱。,115,{"truly": ["肉", "高级", "下酒", "山珍", "咸", "适合拍照", "灼热", "大份", "昂贵"], "falsely": []}
1003,腌黄瓜,https://assistant-public.izakaya.cc/assets/sprites/recipe.webp,将黄瓜切段后用盐等调味腌制，出现了神奇而难以抗拒的风味。,16,{"truly": ["素", "下酒", "咸", "小巧", "实惠"], "falsely": []}
1004,奶油焗蟹,https://assistant-public.izakaya.cc/assets/sprites/recipe.webp,奶油焗的螃蟹在没开盖之前就已经香气四溢，然而这香气只是前戏。撕开蟹钳，弹出白嫩饱满的肉质，此时再细细地吸入汤汁，螃蟹固有的鲜味才彻底的融合和释放。,88,{"truly": ["高级", "下酒", "海味", "鲜", "招牌", "适合拍照", "昂贵"], "falsely": []}
1005,拟尻子玉,https://assistant-public.izakaya.cc/assets/sprites/recipe.webp,据说尻子玉是人类进化后残存的尾骨，是河童一族最喜欢的食物。从前用血腥的方式从人类那里夺取，但是随着时代的进步，已经有了料理的方式来替代，只是成本昂贵。,120,{"truly": ["传说", "下酒", "灼热", "猎奇", "小巧", "梦幻", "昂贵"], "falsely": []}
1006,大阪烧,https://assistant-public.izakaya.cc/assets/sprites/recipe.webp,听说是外界流行的街边小吃，使用面糊和各种食材混合后在铁板上烧制而成，脆香而丰富，因其百变和平价的特性被所有人喜爱。,24,{"truly": ["和风", "招牌", "适合拍照", "小巧"], "falsely": []}
1007,章鱼烧,https://assistant-public.izakaya.cc/assets/sprites/recipe.webp,听说也是外界流行的街边小吃，在特制的面糊中裹上引发奇迹的章鱼脚，糯脆的外衣之下Q弹的章鱼脚产生让人幸福的感觉。,36,{"truly": ["水产", "饱腹", "招牌", "适合拍照", "小巧"], "falsely": []}
1008,海胆刺身,https://assistant-public.izakaya.cc/assets/sprites/recipe.webp,制作意外的简单，但获取食材却非常困难。据说是现世流行的超高级料理，是每个人的梦想。,108,{"truly": ["高级", "海味", "甜", "适合拍照", "不可思议", "小巧", "特产", "昂贵"], "falsely": []}
1009,蘑菇肉片,https://assistant-public.izakaya.cc/assets/sprites/recipe.webp,将蘑菇和肉切片后，混入锅里一起炒，是非常基本的家常料理。,20,{"truly": ["肉", "家常", "重油", "菌类"], "falsely": []}
1010,秘制鲜菌煲,https://assistant-public.izakaya.cc/assets/sprites/recipe.webp,长期专研于蘑菇学的人类魔法使所创的秘制菜谱。食材均选自魔法森林所产的新鲜菌类，据说较其他地方产出的菌类有更高营养价值。,62,{"truly": ["和风", "鲜", "菌类", "特产", "昂贵"], "falsely": []}
1011,蘑女的舞踏烩,https://assistant-public.izakaya.cc/assets/sprites/recipe.webp,蘑菇为主角，佐以各种鲜嫩食材的强力料理。金灿灿的光芒散发着强烈的存在感，香浓的口感可以瞬间蒸发人的灵魂，一发沉沦。,112,{"truly": ["水产", "重油", "咸", "鲜", "适合拍照", "灼热", "菌类", "辣", "昂贵"], "falsely": []}
1012,奶香蘑菇汤,https://assistant-public.izakaya.cc/assets/sprites/recipe.webp,浓郁的奶香汤底煮出来的魔性之汤，尝下第一口就无法停下来。制作简单，材料随处可见，还拥有极高的营养价值。,28,{"truly": ["家常", "适合拍照", "菌类"], "falsely": []}
1013,普通小蛋糕,https://assistant-public.izakaya.cc/assets/sprites/recipe.webp,有着惊人热量的小点心，据说能迅速强健体魄。上面写着“吃掉我”，非常诱人，吃多了估计会长胖吧。,56,{"truly": ["高级", "甜", "适合拍照", "文化底蕴", "果味"], "falsely": []}
1014,七色羊羹,https://assistant-public.izakaya.cc/assets/sprites/recipe.webp,经典甜食辅以特殊的处理，呈现梦幻的色彩，让人敬畏，只敢远观不敢亵玩。能吃上一次，终生难忘。,92,{"truly": ["高级", "甜", "适合拍照", "文化底蕴", "不可思议", "梦幻", "果味", "昂贵"], "falsely": []}
1015,手握寿司,https://assistant-public.izakaya.cc/assets/sprites/recipe.webp,日本最传统的料理之一。将鱼切片后盖在手握的饭团上，解饿又鲜美，拥有很长的历史。,28,{"truly": ["水产", "清淡", "和风", "鲜", "生", "文化底蕴"], "falsely": []}
1016,南瓜虾盅,https://assistant-public.izakaya.cc/assets/sprites/recipe.webp,掏空小南瓜，用鲜嫩的虾肉和豆腐填充，再进行蒸制，香甜可口，又非常健康。,55,{"truly": ["水产", "清淡", "饱腹", "鲜", "甜", "适合拍照", "特产"], "falsely": []}
1017,幻想佛跳墙,https://assistant-public.izakaya.cc/assets/sprites/recipe.webp,由东方文明古国最强料理改造而来，据说得道的真佛也会因为它的气味夺墙而走，摒弃斋戒，真的很神奇！,160,{"truly": ["肉", "水产", "高级", "传说", "山珍", "中华", "适合拍照", "力量涌现", "文化底蕴", "菌类", "特产", "昂贵", "大份"], "falsely": []}
2000,丧气芝士条,https://assistant-public.izakaya.cc/assets/sprites/recipe.webp,在一些阴郁的妖怪中流行的零食，在浓郁的芝士中混有白果独有的苦味，能让味觉产生强烈的回甘后味，但我完全无法理解。,25,{"truly": ["下酒", "咸", "鲜", "特产"], "falsely": []}
2001,阴郁水果派,https://assistant-public.izakaya.cc/assets/sprites/recipe.webp,对喜欢酸味的人来说是味蕾的盛宴，但不喜欢酸味的人就是牙齿和舌头的炸弹！只在一些小众的妖怪中流行的奇怪做法。,36,{"truly": ["咸", "鲜", "特产", "果味", "酸"], "falsely": []}
2002,绝叫关东煮,https://assistant-public.izakaya.cc/assets/sprites/recipe.webp,旧地狱中最流行的聚会小吃。将各种食材置入后，加上辣椒刺激，让人汗流满面的同时却无法停下，是魔力十足的料理。,92,{"truly": ["肉", "高级", "饱腹", "鲜", "灼热", "力量涌现", "特产", "辣", "大份", "昂贵"], "falsely": []}
2003,脆旋风,https://assistant-public.izakaya.cc/assets/sprites/recipe.webp,将虫类的甲壳磨成大碎块，拌入面中，吃起来香脆又下火，有一种别样的异世界猎奇感的奇怪料理。,42,{"truly": ["饱腹", "生", "猎奇", "特产"], "falsely": ["重油"]}
2004,仰望天花板派,https://assistant-public.izakaya.cc/assets/sprites/recipe.webp,在水果派里探出一个鱼头，仿佛看着地底的天花板，充满了和地狱相衬的绝望气息。,66,{"truly": ["下酒", "海味", "招牌", "适合拍照", "猎奇", "特产", "昂贵"], "falsely": ["肉"]}
2005,兜甲蒸糕,https://assistant-public.izakaya.cc/assets/sprites/recipe.webp,无论是地上还是地下，兜角甲虫都是力量和无敌的象征！这是憧憬它的力量而诞生的盔甲料理！,105,{"truly": ["高级", "饱腹", "鲜", "生", "招牌", "适合拍照", "力量涌现", "猎奇", "特产", "昂贵"], "falsely": []}
2006,狮子头,https://assistant-public.izakaya.cc/assets/sprites/recipe.webp,爱酒之人无不喜欢的基础下酒菜！气派又野性的狮子头配上烈性的酒，是鬼族起床的早餐！,28,{"truly": ["肉", "下酒", "鲜", "招牌", "特产"], "falsely": ["水产", "饱腹"]}
2007,巨人玉子烧,https://assistant-public.izakaya.cc/assets/sprites/recipe.webp,将普通的玉子烧做大许多倍，就是这款在鬼族中流行的巨人玉子烧了！其澎湃的存在感让豪迈之人为其燃烧！,60,{"truly": ["高级", "饱腹", "和风", "甜", "力量涌现"], "falsely": ["下酒"]}
2008,大江户船祭,https://assistant-public.izakaya.cc/assets/sprites/recipe.webp,用华丽的祭典船造型，摆满上好的鱼刺身，周围散发着保鲜而制作的冰雾，是真真正正的宴会的焦点！,206,{"truly": ["水产", "高级", "传说", "下酒", "海味", "和风", "鲜", "生", "招牌", "适合拍照", "文化底蕴", "昂贵", "大份"], "falsely": []}
2009,樱花布丁,https://assistant-public.izakaya.cc/assets/sprites/recipe.webp,粉色的可爱甜品，Q软又富有弹性，香蜜的甜美气息使它成为世界上所有的女孩子都无法拒绝的无敌甜品。,32,{"truly": ["甜", "适合拍照", "凉爽", "小巧", "特产", "果味"], "falsely": ["重油", "咸"]}
2010,提神布丁,https://assistant-public.izakaya.cc/assets/sprites/recipe.webp,大大提升了酸度的可怕布丁，改良了提神的效果，只要吃一口，就能让困倦的身体打起精神。但因为其用料过于凶猛，很不利于口腔健康。,42,{"truly": ["甜", "凉爽", "力量涌现", "小巧", "果味", "酸"], "falsely": ["重油", "咸"]}
2011,燃尽布丁,https://assistant-public.izakaya.cc/assets/sprites/recipe.webp,究极加料、一颗就调动起身上包括多巴胺和肾上腺激素等多种兴奋元素疯狂舞动的禁忌甜食。妖怪食用后可以疯狂舞蹈一整夜，但是兴奋过后会不由地感到“我燃尽了”。,73,{"truly": ["甜", "招牌", "凉爽", "力量涌现", "小巧", "梦幻", "果味", "酸", "昂贵"], "falsely": ["重油", "咸"]}
2012,猫饭,https://assistant-public.izakaya.cc/assets/sprites/recipe.webp,据说是阿燐刚刚被觉收养时，觉常做给她的简易盖浇饭。面粉勾芡后淋在鱼肉上，那种温柔的味道一直留在燐的记忆里。,26,{"truly": ["水产", "鲜", "小巧"], "falsely": ["重油"]}
2013,三文鱼天妇罗,https://assistant-public.izakaya.cc/assets/sprites/recipe.webp,将三文鱼裹上蛋液和面粉，炸至通体金黄，咬一口汁水四溢，隔壁的猫猫都馋哭啦！,44,{"truly": ["水产", "高级", "重油", "鲜", "小巧"], "falsely": []}
2014,鱼跃龙门,https://assistant-public.izakaya.cc/assets/sprites/recipe.webp,外表是鲤鱼起跳的造型，剖开后尽是梦幻的宝藏，是猫科动物无法抵抗的究极美食。,142,{"truly": ["肉", "水产", "高级", "海味", "中华", "鲜", "甜", "文化底蕴", "菌类", "梦幻", "大份", "昂贵"], "falsely": []}
2015,芝士蛋,https://assistant-public.izakaya.cc/assets/sprites/recipe.webp,据说是阿空刚刚被觉收养时，觉常做给她的料理。在蛋饼里混入浓香的芝士，让人无法拒绝的小吃。,26,{"truly": ["重油", "咸", "鲜", "生"], "falsely": ["肉"]}
2016,一击☆必杀,https://assistant-public.izakaya.cc/assets/sprites/recipe.webp,加入了极为刺激的食材和辅料，对味觉的刺激满点的超级烤串，阿空亲自为它起了一个中二度满满的名字，结果在保持野性的妖怪中莫名的有人气。,62,{"truly": ["肉", "重油", "饱腹", "山珍", "力量涌现", "烧烤", "昂贵"], "falsely": []}
2017,地狱激辛警告！,https://assistant-public.izakaya.cc/assets/sprites/recipe.webp,超超超级辣加倍的牛肉咖喱饭！据说只有拥有极限忍耐力的人和傻瓜才会尝试这道料理！,108,{"truly": ["肉", "重油", "咸", "适合拍照", "灼热", "力量涌现", "猎奇", "辣", "昂贵", "大份"], "falsely": ["素", "清淡"]}
3000,烤地瓜,https://assistant-public.izakaya.cc/assets/sprites/recipe.webp,无论什么时候都大受欢迎的民间小吃。尤其在寒冷的冬天，看到热气腾腾的烤炉，想到那红皮黄瓤的颜色，热乎甜软的口感，谁能忍得住呢？但不能贪嘴，吃太多容易导致胃腹不适。,25,{"truly": ["家常", "饱腹", "甜"], "falsely": ["下酒"]}
3001,瘦马团子,https://assistant-public.izakaya.cc/assets/sprites/recipe.webp,外表看起来像是拉长了的团子，切开后中间裹着各式各样的图案，大大增加了团子的新鲜感。据说瘦马团子象征佛舍利，那不就是佛祖的骨灰吗？,45,{"truly": ["饱腹", "适合拍照", "猎奇", "文化底蕴"], "falsely": ["肉"]}
3002,惊吓！大冒险,https://assistant-public.izakaya.cc/assets/sprites/recipe.webp,从幻昙华中提取色素，给一个个蘑菇伞染上颜色，将之铺在宝箱周围就像被锦花簇拥着。宝箱里究竟藏有什么惊喜呢？怀着这样的想法打开，跳出来的却是伸着大舌头的滑稽的伞！吓一跳了吧——？,90,{"truly": ["适合拍照", "力量涌现", "猎奇", "不可思议", "梦幻", "特产", "昂贵"], "falsely": ["家常"]}
3003,比斯开湾饼干,https://assistant-public.izakaya.cc/assets/sprites/recipe.webp,从海难中逃到荒岛的幸存者，万般无奈地将已被海水浸湿的面粉和芝士混合成的“面糊”放在阳光下烤，没想到味道变得十分香脆可口。于是这个做法流传了下来。,26,{"truly": ["饱腹", "咸", "灼热"], "falsely": ["酸"]}
3004,海盗熏肉,https://assistant-public.izakaya.cc/assets/sprites/recipe.webp,据说“海盗”这个词的来源是在明火上烹制的熏肉。加勒比本地人就是用这种做法来处理肉类，然后卖给海盗。听起来就和米饭盖浇米饭一样奇怪。,58,{"truly": ["肉", "传说", "力量涌现", "特产", "大份"], "falsely": ["酸"]}
3005,罗汉上素,https://assistant-public.izakaya.cc/assets/sprites/recipe.webp,源自佛门的斋菜。传闻正宗的罗汉斋用十八种原料制成，工序复杂考究，成菜色泽缤纷雅致，味道清淡香郁。堪称佛门最奢华的一道素菜。,97,{"truly": ["素", "高级", "清淡", "鲜", "凉爽", "文化底蕴", "梦幻", "特产", "昂贵", "大份"], "falsely": ["肉", "辣"]}
3006,云山棉花糖,https://assistant-public.izakaya.cc/assets/sprites/recipe.webp,命莲寺的弟子中有个能够变幻形态的入道，只要见过他的样子，就很容易联想到棉花糖。加入桃汁制作的棉花糖甜而不腻，造型生动有趣，深受小孩子的喜爱。,20,{"truly": ["甜", "不可思议", "特产", "果味"], "falsely": ["肉", "咸"]}
3007,圣白莲子糕,https://assistant-public.izakaya.cc/assets/sprites/recipe.webp,将新鲜莲子剥壳去芯，煮至软烂，再将黄油和面粉搅拌均匀，最后混合翻炒，用磨具压出美丽的莲花图案，看起来神圣洁白。,56,{"truly": ["素", "清淡", "适合拍照", "小巧", "特产"], "falsely": ["辣"]}
3008,幻想星莲船,https://assistant-public.izakaya.cc/assets/sprites/recipe.webp,以南瓜做的船，承载着如梦似幻的食材，在莲子铺成的河上驶入幻想。据说每每享用完这道料理，都会有如梦方醒的感觉。至于究竟是何种梦境，便是因人而异了。,132,{"truly": ["高级", "鲜", "生", "招牌", "适合拍照", "凉爽", "不可思议", "梦幻", "特产", "昂贵", "大份"], "falsely": ["猎奇"]}
3009,松子糕,https://assistant-public.izakaya.cc/assets/sprites/recipe.webp,以糯米为主料、辅以松子制作的药膳。松子糕的粉质细腻，柔软可口，并有清香的松子味，深受道士们喜爱。,46,{"truly": ["清淡", "特产"], "falsely": []}
3010,白鹿贞松,https://assistant-public.izakaya.cc/assets/sprites/recipe.webp,白鹿和松树都有长寿的寓意，深受追求长生的道教人士的推崇，于是有“鹿寿松贞”之画，即一只白鹿立于松树之下。这道菜就是以这幅画为印象创作出来的。,72,{"truly": ["肉", "高级", "山珍", "文化底蕴", "特产", "昂贵"], "falsely": ["酸"]}
3011,太极八卦鱼肚,https://assistant-public.izakaya.cc/assets/sprites/recipe.webp,做法极其讲究的道教经典名菜。鱼肚片片，要越薄越好；太极图则要注意造型圆整、八卦形等距，最后再经过细心蒸煮，才能呈现出这道形象生动、鱼肚软糯的道家名菜。,136,{"truly": ["水产", "高级", "清淡", "鲜", "凉爽", "文化底蕴", "昂贵", "大份"], "falsely": []}
3012,蜜饯栗子,https://assistant-public.izakaya.cc/assets/sprites/recipe.webp,把栗子用蜂蜜熬煮之后的成品。栗子里温和而浓郁的味道，可以有效地平衡外在的甜味。,30,{"truly": ["甜", "小巧", "特产"], "falsely": []}
3013,天师板栗焖菇,https://assistant-public.izakaya.cc/assets/sprites/recipe.webp,神灵庙位处仙界，所栽种的栗树据说都蕴含仙气。但我是分辨不出啦…将栗子佐以蘑菇焖煮，把看不见摸不着的仙气浓缩成一锅鲜甜味美又解馋的杂烩，岂不是更实在？,55,{"truly": ["素", "家常", "中华", "菌类", "特产"], "falsely": []}
3014,荷花鱼米盏,https://assistant-public.izakaya.cc/assets/sprites/recipe.webp,洁白的盘中铺上碧绿的荷叶，叶上还滚动着晶莹的水珠，盘中央一朵白荷则增添了“仙气”。每一盏里都以鲜嫩的粉色荷花花瓣为底，盛着极上金枪鱼、莲子组成的“鱼米盏”，又好吃又健康。,94,{"truly": ["水产", "传说", "清淡", "中华", "文化底蕴", "不可思议", "梦幻", "昂贵"], "falsely": []}
3015,拔丝地瓜,https://assistant-public.izakaya.cc/assets/sprites/recipe.webp,将番薯下锅炸至金黄，再裹上能拉出细丝的糖衣，最后在抹过油的盘子上滚一圈，既可口又不粘牙。但不能贪嘴，吃太多容易导致胃腹不适。,30,{"truly": ["素", "家常", "饱腹", "甜"], "falsely": ["生"]}
3016,香煎双菇肉卷,https://assistant-public.izakaya.cc/assets/sprites/recipe.webp,荤素搭配均匀，味道也很好的常见佳肴。用两种不同口感的菇类，包裹着精挑细选的嫩肉，给味蕾带来层次感十足的享受。,63,{"truly": ["肉", "家常", "重油", "下酒", "招牌", "灼热", "菌类", "昂贵"], "falsely": ["凉爽"]}
3017,什锦天妇罗,https://assistant-public.izakaya.cc/assets/sprites/recipe.webp,谁说炸物就必须得是鸟类呢？地上跑的、土里长的、水里游的都可以裹上面粉放到油锅里炸一炸，出锅皆是香味四溢、酥脆爽口。最后以梦幻的月光草为缀，巧妙地中和了炸物拼盘的油腻。,72,{"truly": ["肉", "家常", "重油", "下酒", "和风", "招牌", "力量涌现", "菌类", "昂贵"], "falsely": []}
4000,炸番茄条,https://assistant-public.izakaya.cc/assets/sprites/recipe.webp,把西红柿裹上面粉后放到油锅炸一炸，出锅后淋上自制土豆酱，尝起来也算是别有一番趣味。,26,{"truly": ["猎奇", "不可思议", "小巧"], "falsely": ["水产"]}
4001,蜜桃红烧肉,https://assistant-public.izakaya.cc/assets/sprites/recipe.webp,软糯的肉加上香甜的桃子，即使白嘴吃也不会觉得腻。淋上蜂蜜一起翻炒，更是红润添香，非常适合下酒。,42,{"truly": ["肉", "下酒", "不可思议", "果味"], "falsely": []}
4002,逆转天地！,https://assistant-public.izakaya.cc/assets/sprites/recipe.webp,使用革新技术制作的分子料理。据说是来自月都的食谱。在制作过程中存在许多无法理解之处，所以经过一定程度的再创作，最终成为这样一个结合了世人眼中的“雅”和“俗”之物的地上料理，也寄托着正邪想要搅混天下的意愿。,124,{"truly": ["山珍", "凉爽", "猎奇", "菌类", "不可思议", "梦幻", "燃起来了", "昂贵", "大份"], "falsely": []}
4003,红豆大福,https://assistant-public.izakaya.cc/assets/sprites/recipe.webp,用糯米制成的外皮，里头包着饱满的带皮红小豆馅儿。馅料的量跟饼皮的量一样甚至更多，使得大福的外型圆浑有致。据说大福就因为这样的外型而被称为“大腹饼”，后人取其吉祥的谐音改称“大福”。,28,{"truly": ["和风", "甜", "小巧"], "falsely": []}
4004,铜锣烧,https://assistant-public.izakaya.cc/assets/sprites/recipe.webp,一种烤制面皮、内置红豆沙夹心的甜点。因由两块像铜锣一样的饼合起来的，故而得名铜锣烧。,40,{"truly": ["素", "和风", "甜", "特产"], "falsely": ["肉"]}
4005,汉宫藏娇,https://assistant-public.izakaya.cc/assets/sprites/recipe.webp,用豆腐的洁白来形容貂婵的纯洁，以泥鳅的钻营来影射董卓的奸滑。让人在品尝中，想到王允献貂婵，巧使美人计而除奸贼董卓的故事，自然为美食增添了文化的含量。,115,{"truly": ["水产", "高级", "传说", "中华", "猎奇", "文化底蕴", "汤羹", "昂贵", "大份"], "falsely": ["重油"]}
4006,石锅竹笋炖肉,https://assistant-public.izakaya.cc/assets/sprites/recipe.webp,以牛肉、竹笋为主要食材的一道家常菜品。鲜嫩的竹笋炖肉具有开胃、促进消化的作用，再以竹子作为摆盘，可谓是色香味俱全。,42,{"truly": ["肉", "家常", "饱腹"], "falsely": []}
4007,竹筒粉蒸肉,https://assistant-public.izakaya.cc/assets/sprites/recipe.webp,将猪身上最嫩的部位，以新鲜的竹筒锯留成节笆，通小孔，灌上菜料和香料，开大火蒸熟后飘出竹子的独特清香。有时间的条件下，在腌渍肉片的时候加点儿清水会更加晶莹润口。,72,{"truly": ["肉", "家常", "山珍", "昂贵"], "falsely": ["生"]}
4008,翠竹迎春,https://assistant-public.izakaya.cc/assets/sprites/recipe.webp,将各种鲜嫩的食材放入多节竹筒蒸熟，寓意节节高升。而春竹翠绿娇艳的样子，既给客人带来视觉味觉上的新意，还蕴含着迎春的美好寓意。,99,{"truly": ["高级", "山珍", "招牌", "适合拍照", "文化底蕴", "昂贵", "大份"], "falsely": ["猎奇", "菌类"]}
4009,梅子茶泡饭,https://assistant-public.izakaya.cc/assets/sprites/recipe.webp,用汤汁和热腾腾的白饭制作的茶泡饭！茶泡饭所用的汤汁通常为煎茶、烘焙茶或富有柴鱼香气的高汤，最后加入的梅子给这道素淡的菜品增添了一抹艳色。,32,{"truly": ["家常", "和风"], "falsely": []}
4010,海胆蒸蛋,https://assistant-public.izakaya.cc/assets/sprites/recipe.webp,将鸡蛋加入海胆蒸至海胆黄变色就可以出锅的简单料理。吃的时候用勺子挖下去，一口一勺，海胆和蛋羹互相融合渗透的美味就在味蕾上蔓延了。,112,{"truly": ["海味", "鲜", "适合拍照", "昂贵"], "falsely": ["山珍"]}
4011,幻想风靡,https://assistant-public.izakaya.cc/assets/sprites/recipe.webp,对火候要求极其苛刻的一道菜，需聚息凝神地将肉品烤至完美的三分熟。暗红的色调以及极具破坏性的龙卷风形状，带来了山海欲来的压迫感。一口下去，有种仿佛征服了天下的快感。,185,{"truly": ["肉", "重油", "饱腹", "生", "招牌", "适合拍照", "力量涌现", "昂贵", "大份"], "falsely": ["清淡", "凉爽"]}
4012,绿野仙菇,https://assistant-public.izakaya.cc/assets/sprites/recipe.webp,本质上是野菜拌蘑菇，但因为这个名字多了一些奇妙的童话感。,24,{"truly": ["清淡", "文化底蕴", "菌类", "特产"], "falsely": []}
4013,花鸟风月,https://assistant-public.izakaya.cc/assets/sprites/recipe.webp,牵丝攀藤地解开“花鸟风月”一词，同时想象着幽香小姐做出来的三角蛋糕。整体风格就像她本人一样风雅，不过上面插了一根我的羽毛，应该还算有趣吧？,78,{"truly": ["高级", "不可思议", "梦幻", "特产", "昂贵"], "falsely": ["重油", "灼热"]}
4014,幽梦,https://assistant-public.izakaya.cc/assets/sprites/recipe.webp,以花卉为主题的双层奶油蛋糕。锦簇花团铺在细腻的奶油上，散发出丝丝香甜，蓝色的蝴蝶轻轻驻足，久久不归。这不是梦境，却胜似梦境。,133,{"truly": ["高级", "清淡", "西式", "甜", "适合拍照", "凉爽", "梦幻", "昂贵", "大份"], "falsely": ["肉", "水产", "下酒"]}
4015,香椿煎饼,https://assistant-public.izakaya.cc/assets/sprites/recipe.webp,用有“毒”的野菜——香椿制成的煎饼。初尝有种苦苦涩涩的味道，嚼下去后口齿留甘。牢记！给普通客人食用须先将香椿用开水焯过一遍！,30,{"truly": ["招牌", "特产"], "falsely": []}
4016,毒瘴花园,https://assistant-public.izakaya.cc/assets/sprites/recipe.webp,用各种“毒食材”混合炖煮的杂炊。通过细致而精巧的食材处理手段，能够不同程度地保留食材中的“毒性”，让不同需求的客人均能体验到他们想要的刺激。,58,{"truly": ["水产", "招牌", "猎奇", "毒"], "falsely": []}
4017,小小的甜蜜「毒药」,https://assistant-public.izakaya.cc/assets/sprites/recipe.webp,这是专门给小小的毒人偶——梅蒂欣制作的印象甜品。可爱中带着诡异的色彩，犹如自然界中徇丽的毒蘑菇勾人采摘。实际是没有毒的，梅蒂欣也是。,87,{"truly": ["高级", "甜", "适合拍照", "小巧", "梦幻", "昂贵"], "falsely": ["肉"]}
5000,鳗鱼嫩蛋丼,https://assistant-public.izakaya.cc/assets/sprites/recipe.webp,厚切的鳗鱼块抹上特调酱汁，再覆盖一层软嫩的生蛋，在食用前将其搅拌得金灿灿的样子，吃下去超级满足！,45,{"truly": ["水产", "生", "招牌"], "falsely": []}
5001,竹筒烧醉虾,https://assistant-public.izakaya.cc/assets/sprites/recipe.webp,把新鲜的虾放进醇香的酒中浸泡，再冰镇后淋上香料食用。既可以尝到虾的鲜香，同时也可以尝到酒的洌香，十分可口。,60,{"truly": ["水产", "鲜", "生", "猎奇"], "falsely": ["饱腹"]}
5002,牛肉鸳鸯火锅,https://assistant-public.izakaya.cc/assets/sprites/recipe.webp,一边是魔界辣椒汤底，一边是萝卜牛骨汤底，兼具红白两种汤汁的特色双锅牛肉。一家人，一个锅，两种口味团团圆圆，仿佛有了它就有家的气息。,188,{"truly": ["肉", "家常", "山珍", "中华", "灼热", "力量涌现", "菌类", "辣", "昂贵", "大份"], "falsely": ["凉爽", "梦幻"]}
5003,猫咪可露丽,https://assistant-public.izakaya.cc/assets/sprites/recipe.webp,迷人的焦糖脆外壳和软糯香浓的内心，无论在口感层次变化或者味觉体验都堪称一绝，不愧是“天使的铜铃”——咦？铃铛里居然还藏了只小猫咪！,45,{"truly": ["饱腹", "甜", "适合拍照"], "falsely": ["猎奇"]}
5004,猫咪披萨,https://assistant-public.izakaya.cc/assets/sprites/recipe.webp,在发酵的圆面饼上面覆盖各种配料烤制而成，完美兼顾了营养和品相，焦糖洋葱的醇香滋味更是为其带来了多重的舌尖享受。可爱的猫咪外形让人有些不忍下嘴呢。,75,{"truly": ["饱腹", "西式", "适合拍照", "菌类", "昂贵"], "falsely": ["凉爽"]}
5005,猫咪戏水,https://assistant-public.izakaya.cc/assets/sprites/recipe.webp,猫咪主题的吐司盒。把一整个方块吐司挖空，底部涂上一层奶油，放入一层桃子果酱，再涂上一层奶油，铺一片吐司，加入晶莹剔透的白凉粉，最后再用调色奶油映照出蓝色的水面效果，放入巧克力做的猫咪，就成了一副有趣的猫咪戏水图了。,120,{"truly": ["素", "甜", "适合拍照", "凉爽", "不可思议", "梦幻", "昂贵", "大份"], "falsely": ["下酒", "灼热"]}
5006,长发公主,https://assistant-public.izakaya.cc/assets/sprites/recipe.webp,摆盘精致的虾仁南瓜意面。南瓜蒸熟后又甜又糯，用它代替奶油做出来的意面低脂低卡，味道浓郁，营养十足！,36,{"truly": ["水产", "饱腹", "适合拍照"], "falsely": ["猎奇"]}
5007,海胆信玄饼,https://assistant-public.izakaya.cc/assets/sprites/recipe.webp,以金枪鱼高汤制作的饼身清透干净，和新鲜海胆组成高级的香槟色系搭配，底层的胡麻酱更增一丝醇厚的口感。如此玲珑的甜品，让人不忍破坏这晶莹剔透的美丽。,128,{"truly": ["水产", "高级", "凉爽", "小巧", "梦幻", "昂贵"], "falsely": ["饱腹"]}
5008,疯帽子茶会,https://assistant-public.izakaya.cc/assets/sprites/recipe.webp,以魔界茶会为印象制作的甜品。表面看起来是一个巧克力做的茶壶，茶壶的肚子里是层层堆叠的奶油蛋糕，周围装饰着蘑菇和西蓝花，就像某个故事里的巧克力房子一样，是充满了梦幻和不可思议的幸福甜品。,188,{"truly": ["西式", "甜", "适合拍照", "菌类", "不可思议", "梦幻", "特产", "昂贵", "大份"], "falsely": ["重油"]}
5009,桃花琉璃卷,https://assistant-public.izakaya.cc/assets/sprites/recipe.webp,通过胶凝化技术，把粉嫩可爱的桃花制成晶莹剔透的琉璃果冻外皮，裹着糯叽叽的豆沙馅儿，记录季节的浪漫和甜蜜。,60,{"truly": ["高级", "和风", "甜", "适合拍照", "小巧", "梦幻", "特产"], "falsely": ["肉", "饱腹", "猎奇", "菌类"]}
5010,荷塘月色,https://assistant-public.izakaya.cc/assets/sprites/recipe.webp,清爽细腻的葡萄乌龙冻，白色的是奶油慕斯！奶油的绵密和葡萄的清爽在舌尖碰撞出别样滋味，茶冻间点缀片片青提，馥郁果香充盈唇齿。菏泽上的小露珠也相当有趣。,128,{"truly": ["高级", "清淡", "中华", "甜", "适合拍照", "凉爽", "文化底蕴", "昂贵"], "falsely": ["肉", "下酒", "灼热", "猎奇"]}
5011,龙吟桃子,https://assistant-public.izakaya.cc/assets/sprites/recipe.webp,本质上就是用桃子来制作桃子。将桃子作为原材料打碎，最后再还原出最初始的形状，从表面来看似乎是贯彻了一种返璞归真的理念，但制作过程极其繁琐考究。,199,{"truly": ["高级", "传说", "清淡", "甜", "凉爽", "不可思议", "特产", "果味", "昂贵", "大份"], "falsely": ["肉", "海味", "生", "猎奇", "菌类"]}
5012,分子蛋,https://assistant-public.izakaya.cc/assets/sprites/recipe.webp,选用水分较少的北豆腐作为蛋白，甜糯的南瓜作为蛋黄，再用白巧克力做成蛋壳，还原出鸡蛋的模样和口感，让人意想不到呢。,80,{"truly": ["素", "高级", "清淡", "甜", "不可思议", "小巧", "昂贵"], "falsely": ["山珍"]}
5013,生命之源,https://assistant-public.izakaya.cc/assets/sprites/recipe.webp,初见就像是云山雾罩的神秘星球，打开一看“星球”里竟然摆了个生鸡蛋？仔细看蛋液其实是银耳汤，蛋黄则是南瓜泥。吃起来口感清爽，还有香浓的南瓜味。,124,{"truly": ["高级", "传说", "清淡", "生", "菌类", "不可思议", "汤羹", "昂贵"], "falsely": ["山珍"]}
5014,火星,https://assistant-public.izakaya.cc/assets/sprites/recipe.webp,特别定制的盘底如火星地表一般，上面盛放着顶级的螃蟹冻以及白葡萄分子技术制作的果凝。螃蟹口感冰凉顺滑不腻，果凝如水滴一般，而且带着淡淡酒香。寓意火星上一滴水珠，代表着最后的希望。,198,{"truly": ["水产", "高级", "传说", "海味", "适合拍照", "文化底蕴", "不可思议", "果味", "昂贵"], "falsely": ["山珍"]}
5015,养心粥,https://assistant-public.izakaya.cc/assets/sprites/recipe.webp,口味偏甜、营养丰富的银耳莲子粥。滋润而不腻滞，还具有养心安神的功效。,35,{"truly": ["清淡", "甜", "特产"], "falsely": []}
5016,胡辣汤,https://assistant-public.izakaya.cc/assets/sprites/recipe.webp,由多种天然中草药按比例配制的汤料，再加入胡椒和辣椒，又用骨头汤做底料的牛肉胡辣汤，喝一口就能驱散瞌睡虫。,60,{"truly": ["家常", "中华", "灼热", "汤羹", "辣", "燃起来了"], "falsely": []}
5017,至尊海鲜面,https://assistant-public.izakaya.cc/assets/sprites/recipe.webp,以海鲜汤料煨煮的汤面，劲道爽滑，汤浓鲜美，是一道非常豪华的家常菜。凭一碗海鲜面，便能让人记住深藏着的大海的味道。,135,{"truly": ["水产", "家常", "高级", "饱腹", "海味", "鲜", "昂贵", "大份"], "falsely": []}
-1,黑暗物质,https://assistant-public.izakaya.cc/assets/sprites/recipe.webp,烹饪失误、散发着黑色气场的不明物质，不会有人想吃这种东西…吧？,1,{"truly": [], "falsely": []}
45,热松饼,https://assistant-public.izakaya.cc/assets/sprites/recipe.webp,早餐的简单选择，将准备好的面糊煎熟，浇上蜂蜜就可以吃了。,22,{"truly": ["饱腹", "西式", "甜"], "falsely": []}
